Name,EmailAddress
Parent1,email1
Parent2,email2
Parent3,email3
Parent4,email4
Parent5,email5
Parent6,email6
Parent7,email7
Parent8,email8
Parent9,email9
Parent10,email10
Parent11,email11
Parent12,email12
Parent13,email13
Parent14,email14
Parent15,email15
Parent16,email16
Parent17,email17
Parent18,email18
Parent19,email19
Parent20,email20
Parent21,email21
Parent22,email22
Parent23,email23
Parent24,email24
Parent25,email25
Parent26,email26
Parent27,email27
Parent28,email28
Parent29,email29
Parent30,email30
Parent31,email31
Parent32,email32
Parent33,email33
Parent34,email34
Parent35,email35
Parent36,email36
